host,process_name,pid,message,timestamp
Peters-Air,syslogd,388,ASL Sender Statistics,2026-01-23 00:14:01+00:00
Peters-Air,syslogd,388,ASL Sender Statistics,2026-01-23 00:30:21+00:00
Peters-Air,syslogd,388,"Configuration Notice: ASL Module ""com.apple.cdscheduler"" claims selected messages. Those messages may not appear in standard system log files or in the ASL database.",2026-01-23 00:30:22+00:00
Peters-Air,syslogd,388,"Configuration Notice: ASL Module ""com.apple.install"" claims selected messages. Those messages may not appear in standard system log files or in the ASL database.",2026-01-23 00:30:22+00:00
Peters-Air,syslogd,388,"Configuration Notice: ASL Module ""com.apple.authd"" sharing output destination ""/var/log/asl"" with ASL Module ""com.apple.asl"". Output parameters from ASL Module ""com.apple.asl"" override any specified in ASL Module ""com.apple.authd"".",2026-01-23 00:30:22+00:00
Peters-Air,syslogd,388,"Configuration Notice: ASL Module ""com.apple.authd"" sharing output destination ""/var/log/system.log"" with ASL Module ""com.apple.asl"". Output parameters from ASL Module ""com.apple.asl"" override any specified in ASL Module ""com.apple.authd"".",2026-01-23 00:30:22+00:00
Peters-Air,syslogd,388,"Configuration Notice: ASL Module ""com.apple.authd"" claims selected messages. Those messages may not appear in standard system log files or in the ASL database.",2026-01-23 00:30:22+00:00
Peters-Air,syslogd,388,"Configuration Notice: ASL Module ""com.apple.eventmonitor"" claims selected messages. Those messages may not appear in standard system log files or in the ASL database.",2026-01-23 00:30:22+00:00
Peters-Air,syslogd,388,"Configuration Notice: ASL Module ""com.apple.mail"" claims selected messages. Those messages may not appear in standard system log files or in the ASL database.",2026-01-23 00:30:22+00:00
Peters-Air,syslogd,388,"Configuration Notice: ASL Module ""com.apple.performance"" claims selected messages. Those messages may not appear in standard system log files or in the ASL database.",2026-01-23 00:30:22+00:00
Peters-Air,syslogd,388,"Configuration Notice: ASL Module ""com.apple.iokit.power"" claims selected messages. Those messages may not appear in standard system log files or in the ASL database.",2026-01-23 00:30:22+00:00
Peters-Air,syslogd,388,"Configuration Notice: ASL Module ""com.apple.contacts.ContactsAutocomplete"" claims selected messages. Those messages may not appear in standard system log files or in the ASL database.",2026-01-23 00:30:22+00:00
Peters-Air,syslogd,388,"Configuration Notice: ASL Module ""com.apple.mkb"" sharing output destination ""/private/var/log/keybagd.log"" with ASL Module ""com.apple.mkb.internal"". Output parameters from ASL Module ""com.apple.mkb.internal"" override any specified in ASL Module ""com.apple.mkb"".",2026-01-23 00:30:22+00:00
Peters-Air,syslogd,388,"Configuration Notice: ASL Module ""com.apple.mkb"" claims selected messages. Those messages may not appear in standard system log files or in the ASL database.",2026-01-23 00:30:22+00:00
Peters-Air,syslogd,388,"Configuration Notice: ASL Module ""com.apple.MessageTracer"" claims selected messages. Those messages may not appear in standard system log files or in the ASL database.",2026-01-23 00:30:22+00:00
Peters-Air,syslogd,388,ASL Sender Statistics,2026-01-23 00:46:31+00:00
Peters-Air,syslogd,388,ASL Sender Statistics,2026-01-23 01:03:06+00:00
Peters-Air,syslogd,388,ASL Sender Statistics,2026-01-23 01:19:15+00:00
Peters-Air,syslogd,388,ASL Sender Statistics,2026-01-23 01:36:35+00:00
Peters-Air,syslogd,388,ASL Sender Statistics,2026-01-23 01:53:39+00:00
Peters-Air,syslogd,388,ASL Sender Statistics,2026-01-23 02:11:30+00:00
Peters-Air,syslogd,388,ASL Sender Statistics,2026-01-23 02:29:41+00:00
Peters-Air,syslogd,388,ASL Sender Statistics,2026-01-23 02:48:29+00:00
Peters-Air,syslogd,388,ASL Sender Statistics,2026-01-23 03:06:15+00:00
Peters-Air,syslogd,388,ASL Sender Statistics,2026-01-23 03:22:16+00:00
Peters-Air,syslogd,388,ASL Sender Statistics,2026-01-23 03:38:56+00:00
Peters-Air,syslogd,388,ASL Sender Statistics,2026-01-23 03:57:09+00:00
Peters-Air,syslogd,388,ASL Sender Statistics,2026-01-23 04:13:10+00:00
Peters-Air,syslogd,388,ASL Sender Statistics,2026-01-23 04:30:24+00:00
Peters-Air,syslogd,388,ASL Sender Statistics,2026-01-23 04:46:10+00:00
Peters-Air,syslogd,388,ASL Sender Statistics,2026-01-23 05:02:08+00:00
Peters-Air,syslogd,388,ASL Sender Statistics,2026-01-23 05:19:51+00:00
Peters-Air,syslogd,388,ASL Sender Statistics,2026-01-23 05:36:07+00:00
Peters-Air,syslogd,388,ASL Sender Statistics,2026-01-23 05:53:41+00:00
Peters-Air,syslogd,388,ASL Sender Statistics,2026-01-23 06:10:57+00:00
Peters-Air,syslogd,388,ASL Sender Statistics,2026-01-23 06:26:46+00:00
Peters-Air,syslogd,388,ASL Sender Statistics,2026-01-23 06:46:30+00:00
Peters-Air,syslogd,388,ASL Sender Statistics,2026-01-23 06:57:55+00:00
Mac,syslogd,388,ASL Sender Statistics,2026-01-23 07:08:04+00:00
Mac,syslogd,388,ASL Sender Statistics,2026-01-23 07:33:21+00:00
Mac,syslogd,388,ASL Sender Statistics,2026-01-23 07:48:49+00:00
Mac,syslogd,388,ASL Sender Statistics,2026-01-23 08:04:23+00:00
Mac,syslogd,388,ASL Sender Statistics,2026-01-23 08:15:24+00:00
Mac,syslogd,388,ASL Sender Statistics,2026-01-23 08:28:49+00:00
Mac,syslogd,388,ASL Sender Statistics,2026-01-23 08:46:22+00:00
Mac,syslogd,388,ASL Sender Statistics,2026-01-23 09:04:20+00:00
Mac,syslogd,388,ASL Sender Statistics,2026-01-23 09:18:08+00:00
Mac,syslogd,388,ASL Sender Statistics,2026-01-23 09:34:33+00:00
Mac,syslogd,388,ASL Sender Statistics,2026-01-23 09:45:14+00:00
Mac,syslogd,388,ASL Sender Statistics,2026-01-23 10:02:25+00:00
Mac,syslogd,388,ASL Sender Statistics,2026-01-23 10:19:08+00:00
Mac,syslogd,388,ASL Sender Statistics,2026-01-23 10:29:09+00:00
Mac,syslogd,388,ASL Sender Statistics,2026-01-23 10:44:14+00:00
Peters-Air,syslogd,388,ASL Sender Statistics,2026-01-23 10:54:23+00:00
Peters-Air,syslogd,388,ASL Sender Statistics,2026-01-23 11:06:46+00:00
Peters-Air,syslogd,388,ASL Sender Statistics,2026-01-23 11:24:02+00:00
Peters-Air,syslogd,388,ASL Sender Statistics,2026-01-23 11:34:15+00:00
Peters-Air,syslogd,388,ASL Sender Statistics,2026-01-23 11:44:47+00:00
